[
  {
    "employeeId" : "16a596ae-edd3-4847-99fe-c4518e82c86f",
    "salary" : "2,000,000",
    "effectiveDate" : "1940-10-09"
  },
  {
    "employeeId" : "b7839309-3348-463b-a7e3-5de1c168beb3",
    "salary" : "1,900,000",
    "effectiveDate" : "1942-06-18"
  },
  {
    "employeeId" : "03aa1462-ffa9-4978-901b-7c001562cf6f",
    "salary" : "1,500,000",
    "effectiveDate" : "1940-07-07"
  },
  {
    "employeeId" : "62c1084e-6e34-4630-93fd-9153afb65309",
    "salary" : "1,500,000",
    "effectiveDate" : "1041-11-24"
  },
  {
    "employeeId" : "c0c2293d-16bd-4603-8e08-638a9d18b22c",
    "salary" : "1,500,000",
    "effectiveDate" : "1943-02-25"
  },
  {
    "employeeId" : "c0c26969-16bd-4603-8e08-638a9d18b22c",
    "salary" : "125,000",
    "effectiveDate" : "1995-08-11"
  },
  {
    "employeeId" : "c0c26666-16bd-4603-8e08-638a9d18b22c",
    "salary" : "125,000",
    "effectiveDate" : "1995-08-12"
  }
]